time,velocity,power_percent,maxVoltageRatio,minForce,maxForce
1597155715,2000.0,20.0,1.0171905e-05,-449.2512732704,-5.285896176000001
1597155751,2000.0,30.0,1.061e-05,-751.6443412592,-3.0374841743999994
1597155812,2000.0,40.0,1.0096468e-05,-1145.9079413472,-5.218276345599996
1597155872,2000.0,50.0,1.0249205e-05,-1605.764363408,-5.160796222400002
1597155922,2000.0,60.0,9.418e-06,-2032.9359457504002,-5.400852792000002
